LA LIGA,2018.12.22, 17:30,Athletic Bilbao V Real Valladolid,Athletic Bilbao,Real Valladolid
LA LIGA,2018.12.22, 17:30,Atletico Madrid V Espanyol,Atletico Madrid,Espanyol
LA LIGA,2018.12.22, 17:30,Barcelona V Celta Vigo,Barcelona,Celta Vigo
LA LIGA,2018.12.22, 17:30,Girona V Getafe,Girona,Getafe
LA LIGA,2018.12.22, 17:30,Leganes V Sevilla,Leganes,Sevilla
LA LIGA,2018.12.22, 17:30,Rayo Vallecano V Levante,Rayo Vallecano,Levante
LA LIGA,2018.12.22, 17:30,Real Betis V Eibar,Real Betis,Eibar
LA LIGA,2018.12.22, 17:30,Real Sociedad V Alaves,Real Sociedad,Alaves
LA LIGA,2018.12.22, 17:30,Valencia V SD Huesca,Valencia,SD Huesca
LA LIGA,2018.12.22, 17:30,Villarreal V Real Madrid,Villarreal,Real Madrid
LA LIGA,2019.1.6, 17:30,Alaves V Valencia,Alaves,Valencia
LA LIGA,2019.1.6, 17:30,Celta Vigo V Athletic Bilbao,Celta Vigo,Athletic Bilbao
LA LIGA,2019.1.6, 17:30,Eibar V Villarreal,Eibar,Villarreal
LA LIGA,2019.1.6, 17:30,Espanyol V Leganes,Espanyol,Leganes
LA LIGA,2019.1.6, 17:30,Getafe V Barcelona,Getafe,Barcelona
LA LIGA,2019.1.6, 17:30,Levante V Girona,Levante,Girona
LA LIGA,2019.1.6, 17:30,Real Madrid V Real Sociedad,Real Madrid,Real Sociedad
LA LIGA,2019.1.6, 17:30,Real Valladolid V Rayo Vallecano,Real Valladolid,Rayo Vallecano
LA LIGA,2019.1.6, 17:30,SD Huesca V Real Betis,SD Huesca,Real Betis
LA LIGA,2019.1.6, 17:30,Sevilla V Atletico Madrid,Sevilla,Atletico Madrid
LA LIGA,2019.1.13, 17:30,Athletic Bilbao V Sevilla,Athletic Bilbao,Sevilla
LA LIGA,2019.1.13, 17:30,Atletico Madrid V Levante,Atletico Madrid,Levante
LA LIGA,2019.1.13, 17:30,Barcelona V Eibar,Barcelona,Eibar
LA LIGA,2019.1.13, 17:30,Girona V Alaves,Girona,Alaves
LA LIGA,2019.1.13, 17:30,Leganes V SD Huesca,Leganes,SD Huesca
LA LIGA,2019.1.13, 17:30,Rayo Vallecano V Celta Vigo,Rayo Vallecano,Celta Vigo
LA LIGA,2019.1.13, 17:30,Real Betis V Real Madrid,Real Betis,Real Madrid
LA LIGA,2019.1.13, 17:30,Real Sociedad V Espanyol,Real Sociedad,Espanyol
LA LIGA,2019.1.13, 17:30,Valencia V Real Valladolid,Valencia,Real Valladolid
LA LIGA,2019.1.13, 17:30,Villarreal V Getafe,Villarreal,Getafe
LA LIGA,2019.1.20, 17:30,Barcelona V Leganes,Barcelona,Leganes
LA LIGA,2019.1.20, 17:30,Celta Vigo V Valencia,Celta Vigo,Valencia
LA LIGA,2019.1.20, 17:30,Eibar V Espanyol,Eibar,Espanyol
LA LIGA,2019.1.20, 17:30,Getafe V Alaves,Getafe,Alaves
LA LIGA,2019.1.20, 17:30,Levante V Real Valladolid,Levante,Real Valladolid
LA LIGA,2019.1.20, 17:30,Rayo Vallecano V Real Sociedad,Rayo Vallecano,Real Sociedad
LA LIGA,2019.1.20, 17:30,Real Betis V Girona,Real Betis,Girona
LA LIGA,2019.1.20, 17:30,Real Madrid V Sevilla,Real Madrid,Sevilla
LA LIGA,2019.1.20, 17:30,SD Huesca V Atletico Madrid,SD Huesca,Atletico Madrid
LA LIGA,2019.1.20, 17:30,Villarreal V Athletic Bilbao,Villarreal,Athletic Bilbao
LA LIGA,2019.1.27, 17:30,Alaves V Rayo Vallecano,Alaves,Rayo Vallecano
LA LIGA,2019.1.27, 17:30,Athletic Bilbao V Real Betis,Athletic Bilbao,Real Betis
LA LIGA,2019.1.27, 17:30,Atletico Madrid V Getafe,Atletico Madrid,Getafe
LA LIGA,2019.1.27, 17:30,Espanyol V Real Madrid,Espanyol,Real Madrid
LA LIGA,2019.1.27, 17:30,Girona V Barcelona,Girona,Barcelona
LA LIGA,2019.1.27, 17:30,Leganes V Eibar,Leganes,Eibar
LA LIGA,2019.1.27, 17:30,Real Sociedad V SD Huesca,Real Sociedad,SD Huesca
LA LIGA,2019.1.27, 17:30,Real Valladolid V Celta Vigo,Real Valladolid,Celta Vigo
LA LIGA,2019.1.27, 17:30,Sevilla V Levante,Sevilla,Levante
LA LIGA,2019.1.27, 17:30,Valencia V Villarreal,Valencia,Villarreal
LA LIGA,2019.2.3, 17:30,Barcelona V Valencia,Barcelona,Valencia
LA LIGA,2019.2.3, 17:30,Celta Vigo V Sevilla,Celta Vigo,Sevilla
LA LIGA,2019.2.3, 17:30,Eibar V Girona,Eibar,Girona
LA LIGA,2019.2.3, 17:30,Levante V Getafe,Levante,Getafe
LA LIGA,2019.2.3, 17:30,Rayo Vallecano V Leganes,Rayo Vallecano,Leganes
LA LIGA,2019.2.3, 17:30,Real Betis V Atletico Madrid,Real Betis,Atletico Madrid
LA LIGA,2019.2.3, 17:30,Real Madrid V Alaves,Real Madrid,Alaves
LA LIGA,2019.2.3, 17:30,Real Sociedad V Athletic Bilbao,Real Sociedad,Athletic Bilbao
LA LIGA,2019.2.3, 17:30,SD Huesca V Real Valladolid,SD Huesca,Real Valladolid
LA LIGA,2019.2.3, 17:30,Villarreal V Espanyol,Villarreal,Espanyol
LA LIGA,2019.2.10, 17:30,Alaves V Levante,Alaves,Levante
LA LIGA,2019.2.10, 17:30,Athletic Bilbao V Barcelona,Athletic Bilbao,Barcelona
LA LIGA,2019.2.10, 17:30,Atletico Madrid V Real Madrid,Atletico Madrid,Real Madrid
LA LIGA,2019.2.10, 17:30,Espanyol V Rayo Vallecano,Espanyol,Rayo Vallecano
LA LIGA,2019.2.10, 17:30,Getafe V Celta Vigo,Getafe,Celta Vigo
LA LIGA,2019.2.10, 17:30,Girona V SD Huesca,Girona,SD Huesca
LA LIGA,2019.2.10, 17:30,Leganes V Real Betis,Leganes,Real Betis
LA LIGA,2019.2.10, 17:30,Real Valladolid V Villarreal,Real Valladolid,Villarreal
LA LIGA,2019.2.10, 17:30,Sevilla V Eibar,Sevilla,Eibar
LA LIGA,2019.2.10, 17:30,Valencia V Real Sociedad,Valencia,Real Sociedad
LA LIGA,2019.2.17, 17:30,Barcelona V Real Valladolid,Barcelona,Real Valladolid
LA LIGA,2019.2.17, 17:30,Celta Vigo V Levante,Celta Vigo,Levante
LA LIGA,2019.2.17, 17:30,Eibar V Getafe,Eibar,Getafe
LA LIGA,2019.2.17, 17:30,Rayo Vallecano V Atletico Madrid,Rayo Vallecano,Atletico Madrid
LA LIGA,2019.2.17, 17:30,Real Betis V Alaves,Real Betis,Alaves
LA LIGA,2019.2.17, 17:30,Real Madrid V Girona,Real Madrid,Girona
LA LIGA,2019.2.17, 17:30,Real Sociedad V Leganes,Real Sociedad,Leganes
LA LIGA,2019.2.17, 17:30,SD Huesca V Athletic Bilbao,SD Huesca,Athletic Bilbao
LA LIGA,2019.2.17, 17:30,Valencia V Espanyol,Valencia,Espanyol
LA LIGA,2019.2.17, 17:30,Villarreal V Sevilla,Villarreal,Sevilla
LA LIGA,2019.2.24, 17:30,Alaves V Celta Vigo,Alaves,Celta Vigo
LA LIGA,2019.2.24, 17:30,Athletic Bilbao V Eibar,Athletic Bilbao,Eibar
LA LIGA,2019.2.24, 17:30,Atletico Madrid V Villarreal,Atletico Madrid,Villarreal
LA LIGA,2019.2.24, 17:30,Espanyol V SD Huesca,Espanyol,SD Huesca
LA LIGA,2019.2.24, 17:30,Getafe V Rayo Vallecano,Getafe,Rayo Vallecano
LA LIGA,2019.2.24, 17:30,Girona V Real Sociedad,Girona,Real Sociedad
LA LIGA,2019.2.24, 17:30,Leganes V Valencia,Leganes,Valencia
LA LIGA,2019.2.24, 17:30,Levante V Real Madrid,Levante,Real Madrid
LA LIGA,2019.2.24, 17:30,Real Valladolid V Real Betis,Real Valladolid,Real Betis
LA LIGA,2019.2.24, 17:30,Sevilla V Barcelona,Sevilla,Barcelona